{
  "predictors": [
    "age",
    "asa",
    "hrv_sdnn",
    "map_successive_var",
    "ncc_index"
  ],
  "model": {
    "coefficients": {
      "age": 0.05617554677420154,
      "asa": 1.353606827573653,
      "hrv_sdnn": -0.7044900583329788,
      "map_successive_var": 0.5276939424125215,
      "ncc_index": -0.9054096430209275
    },
    "intercept": -4.677493625058819,
    "se": {
      "age": 0.19888847339911594,
      "asa": 0.21396461916867549,
      "hrv_sdnn": 0.26542891100713734,
      "map_successive_var": 0.18394030079062196,
      "ncc_index": 0.31008138269070085
    },
    "z_stat": {
      "age": 0.2824474732704708,
      "asa": 6.326311484734583,
      "hrv_sdnn": -2.654157211661224,
      "map_successive_var": 2.8688326600769893,
      "ncc_index": -2.9199097190689876
    },
    "p_value": {
      "age": 0.7776004177202192,
      "asa": 2.510907037844845e-10,
      "hrv_sdnn": 0.00795067749597167,
      "map_successive_var": 0.004119897050536503,
      "ncc_index": 0.003501328023477468
    },
    "or": {
      "age": 1.0577833578951672,
      "asa": 3.871363720677986,
      "hrv_sdnn": 0.49436060506123025,
      "map_successive_var": 1.6950189867846237,
      "ncc_index": 0.40437620128104107
    },
    "or_lower": {
      "age": 0.7163074096415504,
      "asa": 2.5452685727516196,
      "hrv_sdnn": 0.29383681290045877,
      "map_successive_var": 1.1819563068525614,
      "ncc_index": 0.2202109886062404
    },
    "or_upper": {
      "age": 1.5620467095264174,
      "asa": 5.888359766128403,
      "hrv_sdnn": 0.8317283509309533,
      "map_successive_var": 2.4307915181832227,
      "ncc_index": 0.7425610919665576
    },
    "scaler_means": {
      "age": 55.314508276533594,
      "asa": 1.8227327187174818,
      "hrv_sdnn": 0.11657387538631973,
      "map_successive_var": 2.9457240556943796,
      "ncc_index": 0.019303300356446198
    },
    "scaler_stds": {
      "age": 15.011758255020817,
      "asa": 0.6749599977901337,
      "hrv_sdnn": 0.04417281325822624,
      "map_successive_var": 2.0976339932472587,
      "ncc_index": 0.01533774076981978
    }
  },
  "apparent_performance": {
    "auc": 0.9150192864030858,
    "auc_ci_lower": 0.8675771648704859,
    "auc_ci_upper": 0.9562955455659414,
    "brier_score": 0.03192988127467592,
    "optimal_threshold": 0.0645650168193431,
    "sensitivity": 0.8627450980392157,
    "specificity": 0.8760245901639344,
    "youden_index": 0.7387696882031501
  },
  "bootstrap_validation": {
    "apparent_auc": 0.9132312761170042,
    "mean_optimism": 0.008325130461444166,
    "corrected_auc": 0.90490614565556,
    "optimism_sd": 0.023117277360121664,
    "n_bootstrap": 200,
    "calibration_slope_bootstrap": 0.9463904530204781
  },
  "risk_strata": {
    "Low": {
      "n": 343,
      "n_events": 1,
      "event_rate": 0.0029154518950437317,
      "mean_pfs": 0.0016221670243423574,
      "pfs_range": [1.11469602176044e-06, 0.003927612347315467]
    },
    "Medium": {
      "n": 341,
      "n_events": 3,
      "event_rate": 0.008797653958944282,
      "mean_pfs": 0.009935844370196685,
      "pfs_range": [0.003988877252158777, 0.019824839306969433]
    },
    "High": {
      "n": 343,
      "n_events": 47,
      "event_rate": 0.13702623906705538,
      "mean_pfs": 0.13713281224143634,
      "pfs_range": [0.02009422251135917, 0.9349118163391659]
    }
  }
}
